arm,metric,mean,ci_low,ci_high,n_bootstrap
MetaHarness Unconstrained,locked_sharpe,22.03732194696817,21.56049957971241,22.54477735813616,200
Constrained Safe Search,locked_sharpe,0.5067537555112458,0.4195623714751584,0.6168653762962316,200
Random Legal Patch,locked_sharpe,0.5067537555112458,0.4123119138345404,0.6280490512119896,200
TASE Typed Harness,locked_sharpe,0.5067537555112458,0.3914581112507045,0.6144016296129781,200
Lightweight Strategy Evolution,locked_sharpe,0.4189995255210335,0.3596504945586253,0.4556792498915808,200
SHARP-style Policy Baseline,locked_sharpe,0.5127739691705165,0.4139455496003449,0.6066958864144723,200
Equal Weight Buy Hold,locked_sharpe,0.499596900591347,0.406106725028012,0.6001224034148499,200
60/40 Proxy,locked_sharpe,0.499596900591347,0.3828879972923899,0.6176578104472181,200
